{
  "_meta": {
    "maxChars": {
      "main-menu-tap": 50,
      "opening-cinematic-1": 100,
      "opening-cinematic-2": 100,
      "opening-cinematic-3": 100,
      "opening-cinematic-4": 100,
      "hunt-1-opening-1": 100,
      "hunt-1-opening-2": 100,
      "hunt-1-opening-3": 100,
      "hunt-1-opening-4": 100,
      "hunt-1-success-1": 100,
      "hunt-1-complete-1": 100,
      "eat-1-opening-1": 100,
      "eat-1-opening-2": 100,
      "eat-1-success-1": 100,
      "eat-1-complete-1": 100,
      "energy-1-opening-1": 100,
      "energy-1-opening-2": 100,
      "energy-1-opening-3": 100,
      "energy-1-opening-4": 100,
      "energy-1-success-1": 100,
      "energy-1-complete-1": 150,
      "energy-1-complete-2": 100,
      "second-cinematic-1": 100,
      "second-cinematic-2": 100,
      "hunt-2-opening-1": 100,
      "eat-2-opening-1": 100,
      "eat-2-opening-2": 100,
      "energy-2-opening-1": 100,
      "energy-2-complete-1": 100,
      "hunt-3-opening-1": 100,
      "hunt-3-opening-2": 100,
      "hunt-3-opening-3": 150,
      "hunt-3-opening-4": 100,
      "hunt-3-complete-1": 100,
      "eat-3-opening-1": 50,
      "eat-3-complete-1": 100,
      "energy-3-opening-1": 100,
      "energy-3-complete-1": 100,
      "ending": 100,
      "thank-you": 50
    }
  },

  "en": {
    "main-menu-tap": "Tap to play",
    "dialogue-continue": "Tap to continue",
    "opening-cinematic-1": "In this game you're going to help an animal fulfil its needs!",
    "opening-cinematic-2": "In order to do that we must first understand what is animals life processes.",
    "opening-cinematic-3": "Animals need energy to perform their life processes.",
    "opening-cinematic-4": "The energy in an animal’s food was once energy from the Sun that was captured by plants.",
    "hunt-1-opening-1": "This is Mr. Fox, and he needs food for energy.",
    "hunt-1-opening-2": "Mr. Fox is a carnivore so he only eats meat.",
    "hunt-1-opening-3": "Let's hunt some rabbits!",
    "hunt-1-opening-4": "Hold down Mr. Fox and flick him like a catapult to hunt the rabbits",
    "hunt-1-success-1": "Good job! Now hunt more rabbit to complete the level!",
    "hunt-1-complete-1": "Nice work now Mr. Fox is having a feast!",
    "eat-1-opening-1": "Mr. Fox is hungry, lets give him the rabbit meat!",
    "eat-1-opening-2": "Drag and drop the meat on Mr. Fox's mouth, tap Mr. Fox to chew.",
    "eat-1-success-1": "Keep going!",
    "eat-1-complete-1": "Nicely done!",
    "energy-1-opening-1": "As you can see, stored chemical energy is released when food is digested.",
    "energy-1-opening-2": "The chemical energy in food can be transformed into motion energy that allows an animal to move its body.",
    "energy-1-opening-3": "Let's distribute the energy to Mr.Fox's body! And let's see what happens next.",
    "energy-1-opening-4": "Let's connect the energy in order!",
    "energy-1-success-1": "Keep going!",
    "energy-1-complete-1": "In the process of metabolism, food is broken down into forms of energy that can be used for an animal’s growth.",
    "energy-1-complete-2": "Mr. Fox has grown stronger! Good job!",
    "second-cinematic-1": "Let's see, what else can energy provide for Mr. Fox.",
    "second-cinematic-2": "Uh-oh, looks like Mr. Fox is hurt! But not that badly, let's hunt more rabbits!",
    "hunt-2-opening-1": "Lookout do not hit trees and rocks, Mr. Fox doesn't like being hurt",
    "eat-2-opening-1": "Uh-oh! Watch out! it's a poisonus mushrooms!",
    "eat-2-opening-2": "You can discard it into the trash can!",
    "energy-2-opening-1": "Let's distribute the energy to Mr. Fox's body! And let's see what happens next.",
    "energy-2-complete-1": "As we can see here, stored energy also can be used for an animal's body repair.",
    "hunt-3-opening-1": "Looks like snow is falling! Mr. Fox has to gather food to stock up in the winter.",
    "hunt-3-opening-2": "But don't worry Mr. Fox is an endotherm animal.",
    "hunt-3-opening-3": "Endotherms are animals that use energy in food to maintain their body warmth when the temperature in the environment changes.",
    "hunt-3-opening-4": "Let's hunt some rabbits!",
    "hunt-3-complete-1": "Nice work! Now let's eat up!",
    "eat-3-opening-1": "Let's eat!",
    "eat-3-complete-1": "Great now let's distribute the energy once more!",
    "energy-3-opening-1": "Let's distribute the energy so Mr.Fox can warm up.",
    "energy-3-complete-1": "Well done! Mr.Fox is feeling comfy right now!",
    "ending": "Great job! You have witness an animal life processes, and suceeded to help Mr.Fox fulfill his needs! Thank you for helping!",
    "thank-you": "Thank you for playing."
  }
}
